id,user_id,submission_id,kind,provider,request_summary,response_summary,success,error_message,http_status,duration_ms,created_at
13c25f43-af6d-4725-880d-0bf048243b8b,7c138778-9ca5-4c9f-830e-e71d347a51be,,pan,surepass,"{""pan"": ""XXXXXX345F""}","{""message"": ""SUREPASS_TOKEN is not set on the server. Configure it from /admin/credentials.""}",f,SUREPASS_TOKEN is not set on the server. Configure it from /admin/credentials.,,,2026-05-30 14:35:45.948716+00
9543f46f-6522-469a-961c-b4934e2cbc5c,7c138778-9ca5-4c9f-830e-e71d347a51be,,bank,surepass,"{""ifsc"": ""HDFC0001234"", ""account_last4"": ""9012""}","{""message"": ""SUREPASS_TOKEN is not set on the server. Configure it from /admin/credentials.""}",f,SUREPASS_TOKEN is not set on the server. Configure it from /admin/credentials.,,,2026-05-30 14:36:19.936337+00
7c4cc342-0f34-42d0-83dd-ece78145ce1a,7c138778-9ca5-4c9f-830e-e71d347a51be,,bank,surepass,"{""ifsc"": ""HDFC0001234"", ""account_last4"": ""9012""}","{""message"": ""SUREPASS_TOKEN is not set on the server. Configure it from /admin/credentials.""}",f,SUREPASS_TOKEN is not set on the server. Configure it from /admin/credentials.,,,2026-05-30 14:37:50.535097+00
dc6d72f7-45b8-4f05-9006-6f96f871a407,7c138778-9ca5-4c9f-830e-e71d347a51be,,pan,surepass,"{""pan"": ""XXXXXX345F""}","{""message"": ""SUREPASS_TOKEN is not set on the server. Configure it from /admin/credentials.""}",f,SUREPASS_TOKEN is not set on the server. Configure it from /admin/credentials.,,,2026-05-30 14:37:54.379835+00
32b98bf3-072f-4d97-9442-8cd965c45dc7,7c138778-9ca5-4c9f-830e-e71d347a51be,,pan,surepass,"{""pan"": ""XXXXXX343A""}","{""message"": ""SUREPASS_TOKEN is not set on the server. Configure it from /admin/credentials.""}",f,SUREPASS_TOKEN is not set on the server. Configure it from /admin/credentials.,,,2026-05-30 17:20:01.158954+00
f8e0b667-6351-41ba-9836-98cc91dbc18b,7c138778-9ca5-4c9f-830e-e71d347a51be,,pan,surepass,"{""pan"": ""XXXXXX234A""}","{""message"": ""SUREPASS_TOKEN is not set on the server. Configure it from /admin/credentials.""}",f,SUREPASS_TOKEN is not set on the server. Configure it from /admin/credentials.,,,2026-05-31 10:00:48.935861+00
87e96edb-dddf-4c8c-9244-2d453abe188d,7c138778-9ca5-4c9f-830e-e71d347a51be,,pan,surepass,"{""pan"": ""XXXXXX345A""}","{""message"": ""SUREPASS_TOKEN is not set on the server. Configure it from /admin/credentials.""}",f,SUREPASS_TOKEN is not set on the server. Configure it from /admin/credentials.,,,2026-05-31 19:10:03.790072+00
deef57ae-1359-4a58-b65e-fe182ae1d44a,7c138778-9ca5-4c9f-830e-e71d347a51be,,pan,surepass,"{""pan"": ""XXXXXX534A""}","{""message"": ""SUREPASS_TOKEN is not set on the server. Configure it from /admin/credentials.""}",f,SUREPASS_TOKEN is not set on the server. Configure it from /admin/credentials.,,,2026-06-01 05:22:31.085485+00
1d006dc7-f20e-4dd8-a05c-68a88d4d4c61,7c138778-9ca5-4c9f-830e-e71d347a51be,,pan,surepass,"{""pan"": ""XXXXXX234D""}","{""message"": ""SUREPASS_TOKEN is not set on the server. Configure it from /admin/credentials.""}",f,SUREPASS_TOKEN is not set on the server. Configure it from /admin/credentials.,,,2026-06-01 08:57:15.714772+00
98380524-7032-44d1-804a-edc4e8b59ae7,7c138778-9ca5-4c9f-830e-e71d347a51be,,pan,surepass,"{""pan"": ""XXXXXX234D""}","{""message"": ""SUREPASS_TOKEN is not set on the server. Configure it from /admin/credentials.""}",f,SUREPASS_TOKEN is not set on the server. Configure it from /admin/credentials.,,,2026-06-01 08:57:44.716367+00
409e48ff-41fd-42d5-8870-c73273f1cb84,7c138778-9ca5-4c9f-830e-e71d347a51be,,pan,surepass,"{""pan"": ""XXXXXX234E""}","{""message"": ""SUREPASS_TOKEN is not set on the server. Configure it from /admin/credentials.""}",f,SUREPASS_TOKEN is not set on the server. Configure it from /admin/credentials.,,,2026-06-01 08:57:54.773464+00
d24465fa-6ec2-4be8-9fbf-48f7a0b6182d,7c138778-9ca5-4c9f-830e-e71d347a51be,,pan,surepass,"{""pan"": ""XXXXXX234H""}","{""message"": ""SUREPASS_TOKEN is not set on the server. Configure it from /admin/credentials.""}",f,SUREPASS_TOKEN is not set on the server. Configure it from /admin/credentials.,,,2026-06-01 09:04:37.87182+00
53f3e1fa-b086-40e9-9d0c-279bfaf80b5b,7c138778-9ca5-4c9f-830e-e71d347a51be,,pan,surepass,"{""pan"": ""XXXXXX234H""}","{""message"": ""SUREPASS_TOKEN is not set on the server. Configure it from /admin/credentials.""}",f,SUREPASS_TOKEN is not set on the server. Configure it from /admin/credentials.,,,2026-06-01 09:04:39.495373+00
4c7b5a5f-1f42-4c6f-b4bd-b03bb7ce4dbd,7c138778-9ca5-4c9f-830e-e71d347a51be,,pan,surepass,"{""pan"": ""XXXXXX234H""}","{""message"": ""SUREPASS_TOKEN is not set on the server. Configure it from /admin/credentials.""}",f,SUREPASS_TOKEN is not set on the server. Configure it from /admin/credentials.,,,2026-06-01 09:04:40.076732+00
682a511a-babf-4c64-b291-1e303b5af7bd,7c138778-9ca5-4c9f-830e-e71d347a51be,,bank,surepass,"{""ifsc"": ""HDFC0012345"", ""account_last4"": ""9012""}","{""message"": ""SUREPASS_TOKEN is not set on the server. Configure it from /admin/credentials.""}",f,SUREPASS_TOKEN is not set on the server. Configure it from /admin/credentials.,,,2026-06-01 09:04:55.067734+00
5a99bdea-c5ce-4501-b0b4-0b3c4f59125a,7c138778-9ca5-4c9f-830e-e71d347a51be,,pan,surepass,"{""pan"": ""XXXXXX234F""}","{""message"": ""SUREPASS_TOKEN is not set on the server. Configure it from /admin/credentials.""}",f,SUREPASS_TOKEN is not set on the server. Configure it from /admin/credentials.,,,2026-06-01 09:19:42.342677+00
5cca4fa9-3d98-4e4d-bcdf-f886975aa75a,7c138778-9ca5-4c9f-830e-e71d347a51be,,pan,surepass,"{""pan"": ""XXXXXX234F""}","{""message"": ""SUREPASS_TOKEN is not set on the server. Configure it from /admin/credentials.""}",f,SUREPASS_TOKEN is not set on the server. Configure it from /admin/credentials.,,,2026-06-01 09:19:49.825623+00
5fcffcb3-c294-4f56-b89d-86ad61c7d172,7c138778-9ca5-4c9f-830e-e71d347a51be,,pan,surepass,"{""pan"": ""XXXXXX234S""}","{""message"": ""SUREPASS_TOKEN is not set on the server. Configure it from /admin/credentials.""}",f,SUREPASS_TOKEN is not set on the server. Configure it from /admin/credentials.,,,2026-06-01 09:24:21.182101+00
8235a948-e742-4583-988d-0842cf724e53,7c138778-9ca5-4c9f-830e-e71d347a51be,,pan,surepass,"{""pan"": ""XXXXXX234E"", ""manual"": true}","{""manual"": true}",f,Manual submission — pending admin review,,,2026-06-01 09:25:11.703366+00
ade86935-e881-4492-891c-e06b85db8f7e,7c138778-9ca5-4c9f-830e-e71d347a51be,,pan,surepass,"{""pan"": ""XXXXXX234E"", ""manual"": true}","{""manual"": true}",f,Manual submission — pending admin review,,,2026-06-01 09:25:23.738014+00
fc6abb09-bb0b-4a1d-85e2-70a52459fbe9,7c138778-9ca5-4c9f-830e-e71d347a51be,,document,surepass,"{""name"": ""3-2026-12-04-04-47-46.jpg"", ""size"": 30579, ""document_type"": ""pan_front""}","{""storage_path"": ""7c138778-9ca5-4c9f-830e-e71d347a51be/pan_front/1780318351432_3-2026-12-04-04-47-46.jpg""}",t,,,,2026-06-01 12:52:31.707501+00
44534a67-78f0-42f3-9330-37a12e827938,7c138778-9ca5-4c9f-830e-e71d347a51be,,document,surepass,"{""name"": ""3-2026-12-04-04-47-46.jpg"", ""size"": 30579, ""document_type"": ""pan_back""}","{""storage_path"": ""7c138778-9ca5-4c9f-830e-e71d347a51be/pan_back/1780318358573_3-2026-12-04-04-47-46.jpg""}",t,,,,2026-06-01 12:52:38.714409+00
0f433ff9-d2a4-4b98-b0a0-7a31ff3e8c62,7c138778-9ca5-4c9f-830e-e71d347a51be,,document,surepass,"{""name"": ""3-2026-12-04-04-47-46.jpg"", ""size"": 30579, ""document_type"": ""aadhaar_front""}","{""storage_path"": ""7c138778-9ca5-4c9f-830e-e71d347a51be/aadhaar_front/1780318363889_3-2026-12-04-04-47-46.jpg""}",t,,,,2026-06-01 12:52:44.037106+00
ae6fd57a-07a2-44ae-a623-a314d242c242,7c138778-9ca5-4c9f-830e-e71d347a51be,,document,surepass,"{""name"": ""INV-202605-ZGW4SRUN.pdf"", ""size"": 2674, ""document_type"": ""cancel_cheque""}","{""storage_path"": ""7c138778-9ca5-4c9f-830e-e71d347a51be/cancel_cheque/1780318368799_INV-202605-ZGW4SRUN.pdf""}",t,,,,2026-06-01 12:52:48.939333+00
418d1568-c36c-4101-a228-009670436d61,7c138778-9ca5-4c9f-830e-e71d347a51be,,document,surepass,"{""name"": ""INV-202605-ZGW4SRUN.pdf"", ""size"": 2674, ""document_type"": ""bank_statement""}","{""storage_path"": ""7c138778-9ca5-4c9f-830e-e71d347a51be/bank_statement/1780318375256_INV-202605-ZGW4SRUN.pdf""}",t,,,,2026-06-01 12:52:55.394929+00
ba4aa28b-4efc-4065-a1f6-d1666c05d2a9,7c138778-9ca5-4c9f-830e-e71d347a51be,,document,surepass,"{""name"": ""3-2026-12-04-04-47-46.jpg"", ""size"": 30579, ""document_type"": ""aadhaar_back""}","{""storage_path"": ""7c138778-9ca5-4c9f-830e-e71d347a51be/aadhaar_back/1780318379791_3-2026-12-04-04-47-46.jpg""}",t,,,,2026-06-01 12:52:59.952221+00
ccdcc665-3eee-4033-9f59-f3c4047daaff,7c138778-9ca5-4c9f-830e-e71d347a51be,,document,surepass,"{""name"": ""3-2026-12-04-04-47-46.jpg"", ""size"": 30579, ""document_type"": ""selfie""}","{""storage_path"": ""7c138778-9ca5-4c9f-830e-e71d347a51be/selfie/1780318696598_3-2026-12-04-04-47-46.jpg""}",t,,,,2026-06-01 12:58:16.780993+00
6c783206-b627-4e5d-9419-0837b720bff3,7c138778-9ca5-4c9f-830e-e71d347a51be,,pan,surepass,"{""pan"": ""XXXXXX234A"", ""manual"": true}","{""manual"": true}",f,Manual submission — pending admin review,,,2026-06-01 12:53:03.59237+00
d20045ae-4462-4493-8184-e4c67b7b0e6c,7c138778-9ca5-4c9f-830e-e71d347a51be,,document,surepass,"{""name"": ""3-2026-12-04-04-47-46.jpg"", ""size"": 30579, ""document_type"": ""pan_front""}","{""storage_path"": ""7c138778-9ca5-4c9f-830e-e71d347a51be/pan_front/1780325525814_3-2026-12-04-04-47-46.jpg""}",t,,,,2026-06-01 14:52:06.068419+00
95b0c2d1-7f6e-4ce5-b68c-20e953d6cc80,7c138778-9ca5-4c9f-830e-e71d347a51be,,document,surepass,"{""name"": ""INV-202605-ZGW4SRUN.pdf"", ""size"": 2674, ""document_type"": ""bank_statement""}","{""storage_path"": ""7c138778-9ca5-4c9f-830e-e71d347a51be/bank_statement/1780325529510_INV-202605-ZGW4SRUN.pdf""}",t,,,,2026-06-01 14:52:09.638488+00
51c92ef0-09ca-4b6b-8fb7-10a5cdabaaef,7c138778-9ca5-4c9f-830e-e71d347a51be,,document,surepass,"{""name"": ""INV-202605-ZGW4SRUN.pdf"", ""size"": 2674, ""document_type"": ""cancel_cheque""}","{""storage_path"": ""7c138778-9ca5-4c9f-830e-e71d347a51be/cancel_cheque/1780325533327_INV-202605-ZGW4SRUN.pdf""}",t,,,,2026-06-01 14:52:13.47471+00
16de5b3e-2e20-45c8-b0c0-b8bbbe5cfbb7,7c138778-9ca5-4c9f-830e-e71d347a51be,,document,surepass,"{""name"": ""3-2026-12-04-04-47-46.jpg"", ""size"": 30579, ""document_type"": ""pan_back""}","{""storage_path"": ""7c138778-9ca5-4c9f-830e-e71d347a51be/pan_back/1780325537418_3-2026-12-04-04-47-46.jpg""}",t,,,,2026-06-01 14:52:17.52667+00
f92e8b3f-e000-49b8-a62b-c47e2ace1ade,7c138778-9ca5-4c9f-830e-e71d347a51be,183cb76a-814a-410e-8308-4922650b221b,pan,surepass,"{""pan"": ""XXXXXX234A"", ""manual"": true}","{""manual"": true}",f,Manual submission — pending admin review,,,2026-06-01 14:52:18.79966+00
7dcce767-ae12-403d-8b70-18d66b1f1225,6ca3390d-58a7-4bf2-9917-8d9359b3de4c,,document,surepass,"{""name"": ""3-2026-12-04-04-47-46.jpg"", ""size"": 30579, ""document_type"": ""pan_front""}","{""storage_path"": ""6ca3390d-58a7-4bf2-9917-8d9359b3de4c/pan_front/1780327441197_3-2026-12-04-04-47-46.jpg""}",t,,,,2026-06-01 15:24:01.549551+00
51ed48e2-df65-4caa-a8d0-4647a9a99d7e,6ca3390d-58a7-4bf2-9917-8d9359b3de4c,,document,surepass,"{""name"": ""3-2026-12-04-04-47-46.jpg"", ""size"": 30579, ""document_type"": ""cancel_cheque""}","{""storage_path"": ""6ca3390d-58a7-4bf2-9917-8d9359b3de4c/cancel_cheque/1780327446600_3-2026-12-04-04-47-46.jpg""}",t,,,,2026-06-01 15:24:06.818807+00
5a78de28-f62f-46e3-803b-e5c3443a09de,6ca3390d-58a7-4bf2-9917-8d9359b3de4c,,document,surepass,"{""name"": ""3-2026-12-04-04-47-46.jpg"", ""size"": 30579, ""document_type"": ""bank_statement""}","{""storage_path"": ""6ca3390d-58a7-4bf2-9917-8d9359b3de4c/bank_statement/1780327451251_3-2026-12-04-04-47-46.jpg""}",t,,,,2026-06-01 15:24:11.67644+00
6fe37e23-4cd5-413e-844b-ecae8d84fa83,6ca3390d-58a7-4bf2-9917-8d9359b3de4c,,document,surepass,"{""name"": ""3-2026-12-04-04-47-46.jpg"", ""size"": 30579, ""document_type"": ""aadhaar_front""}","{""storage_path"": ""6ca3390d-58a7-4bf2-9917-8d9359b3de4c/aadhaar_front/1780327455519_3-2026-12-04-04-47-46.jpg""}",t,,,,2026-06-01 15:24:15.659845+00
2ebd2311-94a8-450a-8f02-3ecd36cf214f,6ca3390d-58a7-4bf2-9917-8d9359b3de4c,,document,surepass,"{""name"": ""3-2026-12-04-04-47-46.jpg"", ""size"": 30579, ""document_type"": ""pan_back""}","{""storage_path"": ""6ca3390d-58a7-4bf2-9917-8d9359b3de4c/pan_back/1780327459699_3-2026-12-04-04-47-46.jpg""}",t,,,,2026-06-01 15:24:19.812229+00
4556d767-9851-4b2c-a3a8-d6cc8508b62d,6ca3390d-58a7-4bf2-9917-8d9359b3de4c,,document,surepass,"{""name"": ""3-2026-12-04-04-47-46.jpg"", ""size"": 30579, ""document_type"": ""aadhaar_back""}","{""storage_path"": ""6ca3390d-58a7-4bf2-9917-8d9359b3de4c/aadhaar_back/1780327466689_3-2026-12-04-04-47-46.jpg""}",t,,,,2026-06-01 15:24:26.850828+00
044de38f-cdc8-47b7-9d4d-5e93d7742f84,6ca3390d-58a7-4bf2-9917-8d9359b3de4c,,pan,surepass,"{""pan"": ""XXXXXX234S"", ""manual"": true}","{""manual"": true}",f,Manual submission — pending admin review,,,2026-06-01 15:24:33.638293+00
5d426b95-f8a0-4c35-9d5c-d3c44065be7e,6ca3390d-58a7-4bf2-9917-8d9359b3de4c,03834608-eb8f-4c95-9ae5-298f9549ee4a,pan,surepass,"{""pan"": ""XXXXXX234S"", ""manual"": true}","{""manual"": true}",f,Manual submission — pending admin review,,,2026-06-01 15:48:12.67341+00
24fdf932-615a-46a5-9d37-ff2a9fb5c369,6ca3390d-58a7-4bf2-9917-8d9359b3de4c,,document,surepass,"{""name"": ""3-2026-12-04-04-47-46.jpg"", ""size"": 30579, ""document_type"": ""selfie""}","{""storage_path"": ""6ca3390d-58a7-4bf2-9917-8d9359b3de4c/selfie/1780328944445_3-2026-12-04-04-47-46.jpg""}",t,,,,2026-06-01 15:49:04.611134+00
